-- MySQL dump generated from SQLite

CREATE TABLE `auth_group` (`id` integer NOT NULL PRIMARY KEY AUTO_INCREMENT, `name` varchar(150) NOT NULL UNIQUE);
CREATE TABLE `auth_group_permissions` (`id` integer NOT NULL PRIMARY KEY AUTO_INCREMENT, `group_id` integer NOT NULL REFERENCES `auth_group` (`id`) , `permission_id` integer NOT NULL REFERENCES `auth_permission` (`id`) );
CREATE TABLE `auth_permission` (`id` integer NOT NULL PRIMARY KEY AUTO_INCREMENT, `content_type_id` integer NOT NULL REFERENCES `django_content_type` (`id`) , `codename` varchar(100) NOT NULL, `name` varchar(255) NOT NULL);
INSERT INTO `auth_permission` VALUES(1,1,'add_logentry','Can add log entry');
INSERT INTO `auth_permission` VALUES(2,1,'change_logentry','Can change log entry');
INSERT INTO `auth_permission` VALUES(3,1,'delete_logentry','Can delete log entry');
INSERT INTO `auth_permission` VALUES(4,1,'view_logentry','Can view log entry');
INSERT INTO `auth_permission` VALUES(5,2,'add_permission','Can add permission');
INSERT INTO `auth_permission` VALUES(6,2,'change_permission','Can change permission');
INSERT INTO `auth_permission` VALUES(7,2,'delete_permission','Can delete permission');
INSERT INTO `auth_permission` VALUES(8,2,'view_permission','Can view permission');
INSERT INTO `auth_permission` VALUES(9,3,'add_group','Can add group');
INSERT INTO `auth_permission` VALUES(10,3,'change_group','Can change group');
INSERT INTO `auth_permission` VALUES(11,3,'delete_group','Can delete group');
INSERT INTO `auth_permission` VALUES(12,3,'view_group','Can view group');
INSERT INTO `auth_permission` VALUES(13,4,'add_contenttype','Can add content type');
INSERT INTO `auth_permission` VALUES(14,4,'change_contenttype','Can change content type');
INSERT INTO `auth_permission` VALUES(15,4,'delete_contenttype','Can delete content type');
INSERT INTO `auth_permission` VALUES(16,4,'view_contenttype','Can view content type');
INSERT INTO `auth_permission` VALUES(17,5,'add_session','Can add session');
INSERT INTO `auth_permission` VALUES(18,5,'change_session','Can change session');
INSERT INTO `auth_permission` VALUES(19,5,'delete_session','Can delete session');
INSERT INTO `auth_permission` VALUES(20,5,'view_session','Can view session');
INSERT INTO `auth_permission` VALUES(21,6,'add_user','Can add user');
INSERT INTO `auth_permission` VALUES(22,6,'change_user','Can change user');
INSERT INTO `auth_permission` VALUES(23,6,'delete_user','Can delete user');
INSERT INTO `auth_permission` VALUES(24,6,'view_user','Can view user');
INSERT INTO `auth_permission` VALUES(25,7,'add_balance','Can add balance');
INSERT INTO `auth_permission` VALUES(26,7,'change_balance','Can change balance');
INSERT INTO `auth_permission` VALUES(27,7,'delete_balance','Can delete balance');
INSERT INTO `auth_permission` VALUES(28,7,'view_balance','Can view balance');
INSERT INTO `auth_permission` VALUES(29,8,'add_transaction','Can add transaction');
INSERT INTO `auth_permission` VALUES(30,8,'change_transaction','Can change transaction');
INSERT INTO `auth_permission` VALUES(31,8,'delete_transaction','Can delete transaction');
INSERT INTO `auth_permission` VALUES(32,8,'view_transaction','Can view transaction');
INSERT INTO `auth_permission` VALUES(33,9,'add_emergencyfund','Can add emergency fund');
INSERT INTO `auth_permission` VALUES(34,9,'change_emergencyfund','Can change emergency fund');
INSERT INTO `auth_permission` VALUES(35,9,'delete_emergencyfund','Can delete emergency fund');
INSERT INTO `auth_permission` VALUES(36,9,'view_emergencyfund','Can view emergency fund');
INSERT INTO `auth_permission` VALUES(37,10,'add_loan','Can add loan');
INSERT INTO `auth_permission` VALUES(38,10,'change_loan','Can change loan');
INSERT INTO `auth_permission` VALUES(39,10,'delete_loan','Can delete loan');
INSERT INTO `auth_permission` VALUES(40,10,'view_loan','Can view loan');
INSERT INTO `auth_permission` VALUES(41,11,'add_loanguarantor','Can add loan guarantor');
INSERT INTO `auth_permission` VALUES(42,11,'change_loanguarantor','Can change loan guarantor');
INSERT INTO `auth_permission` VALUES(43,11,'delete_loanguarantor','Can delete loan guarantor');
INSERT INTO `auth_permission` VALUES(44,11,'view_loanguarantor','Can view loan guarantor');
INSERT INTO `auth_permission` VALUES(45,12,'add_passwordresetotp','Can add password reset otp');
INSERT INTO `auth_permission` VALUES(46,12,'change_passwordresetotp','Can change password reset otp');
INSERT INTO `auth_permission` VALUES(47,12,'delete_passwordresetotp','Can delete password reset otp');
INSERT INTO `auth_permission` VALUES(48,12,'view_passwordresetotp','Can view password reset otp');
INSERT INTO `auth_permission` VALUES(49,13,'add_loanrequest','Can add loan request');
INSERT INTO `auth_permission` VALUES(50,13,'change_loanrequest','Can change loan request');
INSERT INTO `auth_permission` VALUES(51,13,'delete_loanrequest','Can delete loan request');
INSERT INTO `auth_permission` VALUES(52,13,'view_loanrequest','Can view loan request');
INSERT INTO `auth_permission` VALUES(53,14,'add_loanrepayment','Can add loan repayment');
INSERT INTO `auth_permission` VALUES(54,14,'change_loanrepayment','Can change loan repayment');
INSERT INTO `auth_permission` VALUES(55,14,'delete_loanrepayment','Can delete loan repayment');
INSERT INTO `auth_permission` VALUES(56,14,'view_loanrepayment','Can view loan repayment');
INSERT INTO `auth_permission` VALUES(57,15,'add_loanguarantoraction','Can add loan guarantor action');
INSERT INTO `auth_permission` VALUES(58,15,'change_loanguarantoraction','Can change loan guarantor action');
INSERT INTO `auth_permission` VALUES(59,15,'delete_loanguarantoraction','Can delete loan guarantor action');
INSERT INTO `auth_permission` VALUES(60,15,'view_loanguarantoraction','Can view loan guarantor action');
CREATE TABLE `django_admin_log` (`id` integer NOT NULL PRIMARY KEY AUTO_INCREMENT, `action_time` datetime NOT NULL, `object_id` TEXT, `object_repr` varchar(200) NOT NULL, `action_flag` smallint unsigned NOT NULL , `change_message` text NOT NULL, `content_type_id` integer NULL REFERENCES `django_content_type` (`id`) , `user_id` varchar(12) NOT NULL REFERENCES `sacco_user` (`id`) );
INSERT INTO `django_admin_log` VALUES(1,'2024-10-04 11:32:05.314651','1',' -  - Balance: -0.03',2,'[{`changed`: {`fields`: [`Balance`]}}]',7,'d4mDtPwYQxaa');
INSERT INTO `django_admin_log` VALUES(2,'2024-10-04 11:32:33.547255','1',' -  - Balance: 7200',2,'[{`changed`: {`fields`: [`Balance`]}}]',7,'d4mDtPwYQxaa');
INSERT INTO `django_admin_log` VALUES(3,'2024-10-04 12:10:59.419289','1',' -  - Balance: 200',2,'[{`changed`: {`fields`: [`Balance`]}}]',7,'d4mDtPwYQxaa');
INSERT INTO `django_admin_log` VALUES(4,'2024-10-04 12:13:41.917379','0ae9f7f8-4467-492c-99c7-3beb2cb04eab','- - 10.00 on 2024-10-04 15:13:29+03:00 (deposit)',1,'[{`added`: {}}]',8,'d4mDtPwYQxaa');
INSERT INTO `django_admin_log` VALUES(5,'2024-10-15 16:20:56.580855','4e4c047f-cb51-4a0e-a896-e9769f7371eb','Maxwel-0703536959 - 200 on 2024-10-15 19:15:26+03:00 (deposit)',1,'[{`added`: {}}]',8,'d4mDtPwYQxaa');
INSERT INTO `django_admin_log` VALUES(6,'2024-10-15 16:22:25.618802','66fe1a0e-4fa2-40f7-83c2-15accbc47f8b','Maxwel-0703536959 - 200 on 2024-10-15 19:22:12+03:00 (deposit)',1,'[{`added`: {}}]',8,'d4mDtPwYQxaa');
INSERT INTO `django_admin_log` VALUES(7,'2025-05-23 19:38:50.092087','fff393a5-33cb-466a-98af-0c46ab8f267a','Maxwel-0703536959 - 50 on 2025-05-23 22:38:20+03:00 (withdrawal)',1,'[{`added`: {}}]',8,'d4mDtPwYQxaa');
INSERT INTO `django_admin_log` VALUES(8,'2025-05-23 19:46:59.164255','4','Tom - 0792927652 - Balance: 0.00',3,'',7,'d4mDtPwYQxaa');
INSERT INTO `django_admin_log` VALUES(9,'2025-05-23 19:48:06.396217','9JIYEoe1T7Op','Tom - 0792927652',3,'',6,'d4mDtPwYQxaa');
INSERT INTO `django_admin_log` VALUES(10,'2025-05-23 23:31:25.228259','0ae9f7f8-4467-492c-99c7-3beb2cb04eab','admin - deposit - 10.00 (approved)',2,'[{`changed`: {`fields`: [`Status`, "Created by"]}}]',8,'d4mDtPwYQxaa');
INSERT INTO `django_admin_log` VALUES(11,'2025-05-23 23:32:48.943444','d4mDtPwYQxaa','MAXWEL - admin',2,'[{`changed`: {`fields`: ["First name", "Last name", `PhoneNumber`, "Is approved"]}}]',6,'d4mDtPwYQxaa');
INSERT INTO `django_admin_log` VALUES(12,'2025-05-23 23:35:10.884167','zfAJsaMASSye','Maxwel - 0703536959',2,'[{`changed`: {`fields`: ["Is approved"]}}]',6,'d4mDtPwYQxaa');
INSERT INTO `django_admin_log` VALUES(13,'2025-05-23 23:44:01.210490','28cefee8-2814-40aa-be29-3d4bf581afbf','admin - emergency - 100 (pending)',1,'[{`added`: {}}]',8,'d4mDtPwYQxaa');
INSERT INTO `django_admin_log` VALUES(14,'2025-05-23 23:44:21.373999','28cefee8-2814-40aa-be29-3d4bf581afbf','admin - emergency - 100.00 (approved)',2,'[{`changed`: {`fields`: [`Status`]}}]',8,'d4mDtPwYQxaa');
INSERT INTO `django_admin_log` VALUES(15,'2025-05-23 23:46:52.415223','2','admin Emergency Fund: 0.0',1,'[{`added`: {}}]',9,'d4mDtPwYQxaa');
INSERT INTO `django_admin_log` VALUES(16,'2025-05-23 23:47:11.410511','3','0703536959 Emergency Fund: 0.0',1,'[{`added`: {}}]',9,'d4mDtPwYQxaa');
INSERT INTO `django_admin_log` VALUES(17,'2025-05-23 23:47:34.079631','4','0792927652 Emergency Fund: 0.0',1,'[{`added`: {}}]',9,'d4mDtPwYQxaa');
INSERT INTO `django_admin_log` VALUES(18,'2025-05-23 23:47:48.975980','5','0757240481 Emergency Fund: 0.0',1,'[{`added`: {}}]',9,'d4mDtPwYQxaa');
INSERT INTO `django_admin_log` VALUES(19,'2025-05-23 23:49:01.550291','28cefee8-2814-40aa-be29-3d4bf581afbf','admin - emergency - 100.00 (approved)',2,'[]',8,'d4mDtPwYQxaa');
INSERT INTO `django_admin_log` VALUES(20,'2025-05-23 23:49:24.359210','28cefee8-2814-40aa-be29-3d4bf581afbf','admin - emergency - 100.00 (pending)',2,'[{`changed`: {`fields`: [`Status`]}}]',8,'d4mDtPwYQxaa');
INSERT INTO `django_admin_log` VALUES(21,'2025-05-23 23:49:53.838399','28cefee8-2814-40aa-be29-3d4bf581afbf','admin - emergency - 100.00 (approved)',2,'[{`changed`: {`fields`: [`Status`]}}]',8,'d4mDtPwYQxaa');
INSERT INTO `django_admin_log` VALUES(22,'2025-05-23 23:50:53.324558','dead0dfe-aa89-48c9-9a71-de18cb801b42','admin - emergency - 100 (pending)',1,'[{`added`: {}}]',8,'d4mDtPwYQxaa');
INSERT INTO `django_admin_log` VALUES(23,'2025-05-24 00:25:22.332647','zfAJsaMASSye','Maxwel - 0703536959',2,'[{`changed`: {`fields`: ["Is secretary"]}}]',6,'d4mDtPwYQxaa');
INSERT INTO `django_admin_log` VALUES(24,'2025-05-24 00:26:31.621021','d4mDtPwYQxaa','MAXWEL - admin',2,'[{`changed`: {`fields`: ["Is secretary"]}}]',6,'d4mDtPwYQxaa');
INSERT INTO `django_admin_log` VALUES(25,'2025-05-27 10:24:03.568644','s_NbE25SSz-k','Gordon - 0000000000',2,'[{`changed`: {`fields`: ["Is active", "Is approved"]}}]',6,'d4mDtPwYQxaa');
INSERT INTO `django_admin_log` VALUES(26,'2025-05-27 12:16:41.304227','s_NbE25SSz-k','Gordon - 0000000000',2,'[{`changed`: {`fields`: ["Is tresurer"]}}]',6,'d4mDtPwYQxaa');
INSERT INTO `django_admin_log` VALUES(27,'2025-05-29 10:02:54.414139','PmQ-D0VYSJKv','Stephen - 721507065',2,'[{`changed`: {`fields`: ["Is active", "Is approved"]}}]',6,'d4mDtPwYQxaa');
INSERT INTO `django_admin_log` VALUES(28,'2025-05-29 10:03:21.206572','PmQ-D0VYSJKv','Stephen - 721507065',3,'',6,'d4mDtPwYQxaa');
INSERT INTO `django_admin_log` VALUES(29,'2025-05-29 10:05:43.033262','VI8x0OciRwyH','Stephen - 0721507065',2,'[{`changed`: {`fields`: ["Is active", "Is approved"]}}]',6,'d4mDtPwYQxaa');
INSERT INTO `django_admin_log` VALUES(30,'2025-05-29 10:07:23.131870','de45708c-fdd8-40dd-958b-d31a534dc788','0721507065 - deposit - 200 (approved)',1,'[{`added`: {}}]',8,'d4mDtPwYQxaa');
INSERT INTO `django_admin_log` VALUES(31,'2025-05-29 10:08:03.431921','8','Stephen - 0721507065 - Balance: 200',2,'[{`changed`: {`fields`: [`Balance`]}}]',7,'d4mDtPwYQxaa');
INSERT INTO `django_admin_log` VALUES(32,'2025-06-02 16:06:14.515531','1d364b08-8947-40e0-8651-5b3c8748c315','0000000000 - deposit - 300 (approved)',1,'[{`added`: {}}]',8,'d4mDtPwYQxaa');
INSERT INTO `django_admin_log` VALUES(33,'2025-06-02 16:07:26.451684','6','Gordon - 0000000000 - Balance: 300',2,'[{`changed`: {`fields`: [`Balance`]}}]',7,'d4mDtPwYQxaa');
INSERT INTO `django_admin_log` VALUES(34,'2025-06-06 12:40:10.231442','zfAJsaMASSye','Maxwel - 0703536959',2,'[{`changed`: {`fields`: ["Is admin"]}}]',6,'d4mDtPwYQxaa');
INSERT INTO `django_admin_log` VALUES(35,'2025-06-06 12:57:02.416058','V8BUwpcEQq60','Tom - 0792927652',3,'',6,'d4mDtPwYQxaa');
INSERT INTO `django_admin_log` VALUES(36,'2025-06-06 12:59:55.662524','d4mDtPwYQxaa','MAXWEL - admin',2,'[]',6,'d4mDtPwYQxaa');
INSERT INTO `django_admin_log` VALUES(37,'2025-06-06 13:06:15.973762','SBNNV9dUSKKB','Alvin - 0792927652',2,'[{`changed`: {`fields`: ["Is active", "Is approved"]}}]',6,'d4mDtPwYQxaa');
INSERT INTO `django_admin_log` VALUES(38,'2025-06-07 08:21:36.539182','zfAJsaMASSye','Maxwel - 0703536959',2,'[{`changed`: {`fields`: ["Staff status", "Is secretary", "Is tresurer"]}}]',6,'d4mDtPwYQxaa');
INSERT INTO `django_admin_log` VALUES(39,'2025-06-07 09:16:24.042453','zfAJsaMASSye','Maxwel - 0703536959',2,'[]',6,'d4mDtPwYQxaa');
INSERT INTO `django_admin_log` VALUES(40,'2025-08-09 13:17:58.858610','d4mDtPwYQxaa','MAXWEL - admin',2,'[{`changed`: {`fields`: ["Is admin"]}}]',6,'d4mDtPwYQxaa');
INSERT INTO `django_admin_log` VALUES(41,'2025-08-09 13:41:06.424633','zfAJsaMASSye','Maxwel - 0703536959',2,'[{`changed`: {`fields`: ["Is secretary", "Is tresurer"]}}]',6,'d4mDtPwYQxaa');
INSERT INTO `django_admin_log` VALUES(42,'2025-08-09 13:49:31.991821','zfAJsaMASSye','Maxwel - 0703536959',2,'[{`changed`: {`fields`: ["Is tresurer"]}}]',6,'d4mDtPwYQxaa');
INSERT INTO `django_admin_log` VALUES(43,'2025-08-11 06:51:43.239546','8','Emergency Fund Balance: 0.00',3,'',9,'d4mDtPwYQxaa');
INSERT INTO `django_admin_log` VALUES(44,'2025-08-11 06:51:43.239830','7','Emergency Fund Balance: 0.00',3,'',9,'d4mDtPwYQxaa');
INSERT INTO `django_admin_log` VALUES(45,'2025-08-11 06:51:43.240008','5','Emergency Fund Balance: 0.00',3,'',9,'d4mDtPwYQxaa');
INSERT INTO `django_admin_log` VALUES(46,'2025-08-11 06:51:43.240154','3','Emergency Fund Balance: 0.00',3,'',9,'d4mDtPwYQxaa');
INSERT INTO `django_admin_log` VALUES(47,'2025-08-11 06:51:43.240279','2','Emergency Fund Balance: 0.00',3,'',9,'d4mDtPwYQxaa');
INSERT INTO `django_admin_log` VALUES(48,'2025-08-11 14:07:53.055202','d4mDtPwYQxaa','MAXWEL - admin',2,'[{`changed`: {`fields`: ["Is tresurer"]}}]',6,'d4mDtPwYQxaa');
INSERT INTO `django_admin_log` VALUES(49,'2025-08-21 09:20:13.880423','cef341b5-0958-44ba-8432-a8ae9a1ca897','0731090360 - deposit - 5000 (approved)',1,'[{`added`: {}}]',8,'d4mDtPwYQxaa');
INSERT INTO `django_admin_log` VALUES(50,'2025-08-21 09:20:29.368369','10','Roseline - 0731090360 - Balance: 5000.00',2,'[{`changed`: {`fields`: [`Balance`]}}]',7,'d4mDtPwYQxaa');
INSERT INTO `django_admin_log` VALUES(51,'2025-08-22 08:39:47.105475','8','Loan #8 for Roseline - 0731090360 - 200.00',3,'',13,'d4mDtPwYQxaa');
INSERT INTO `django_admin_log` VALUES(52,'2025-08-22 13:49:38.644575','9','Loan #9 for Roseline - 0731090360 - 1000.00',3,'',13,'d4mDtPwYQxaa');
CREATE TABLE `django_content_type` (`id` integer NOT NULL PRIMARY KEY AUTO_INCREMENT, `app_label` varchar(100) NOT NULL, `model` varchar(100) NOT NULL);
INSERT INTO `django_content_type` VALUES(1,'admin','logentry');
INSERT INTO `django_content_type` VALUES(2,'auth','permission');
INSERT INTO `django_content_type` VALUES(3,'auth','group');
INSERT INTO `django_content_type` VALUES(4,'contenttypes','contenttype');
INSERT INTO `django_content_type` VALUES(5,'sessions','session');
INSERT INTO `django_content_type` VALUES(6,'sacco','user');
INSERT INTO `django_content_type` VALUES(7,'sacco','balance');
INSERT INTO `django_content_type` VALUES(8,'sacco','transaction');
INSERT INTO `django_content_type` VALUES(9,'sacco','emergencyfund');
INSERT INTO `django_content_type` VALUES(10,'sacco','loan');
INSERT INTO `django_content_type` VALUES(11,'sacco','loanguarantor');
INSERT INTO `django_content_type` VALUES(12,'sacco','passwordresetotp');
INSERT INTO `django_content_type` VALUES(13,'sacco','loanrequest');
INSERT INTO `django_content_type` VALUES(14,'sacco','loanrepayment');
INSERT INTO `django_content_type` VALUES(15,'sacco','loanguarantoraction');
CREATE TABLE `django_migrations` (`id` integer NOT NULL PRIMARY KEY AUTO_INCREMENT, `app` varchar(255) NOT NULL, `name` varchar(255) NOT NULL, `applied` datetime NOT NULL);
INSERT INTO `django_migrations` VALUES(1,'contenttypes','0001_initial','2024-10-04 10:36:20.471564');
INSERT INTO `django_migrations` VALUES(2,'contenttypes','0002_remove_content_type_name','2024-10-04 10:36:20.489871');
INSERT INTO `django_migrations` VALUES(3,'auth','0001_initial','2024-10-04 10:36:20.522214');
INSERT INTO `django_migrations` VALUES(4,'auth','0002_alter_permission_name_max_length','2024-10-04 10:36:20.536885');
INSERT INTO `django_migrations` VALUES(5,'auth','0003_alter_user_email_max_length','2024-10-04 10:36:20.551760');
INSERT INTO `django_migrations` VALUES(6,'auth','0004_alter_user_username_opts','2024-10-04 10:36:20.565175');
INSERT INTO `django_migrations` VALUES(7,'auth','0005_alter_user_last_login_null','2024-10-04 10:36:20.578235');
INSERT INTO `django_migrations` VALUES(8,'auth','0006_require_contenttypes_0002','2024-10-04 10:36:20.587877');
INSERT INTO `django_migrations` VALUES(9,'auth','0007_alter_validators_add_error_messages','2024-10-04 10:36:20.600680');
INSERT INTO `django_migrations` VALUES(10,'auth','0008_alter_user_username_max_length','2024-10-04 10:36:20.614048');
INSERT INTO `django_migrations` VALUES(11,'auth','0009_alter_user_last_name_max_length','2024-10-04 10:36:20.629366');
INSERT INTO `django_migrations` VALUES(12,'auth','0010_alter_group_name_max_length','2024-10-04 10:36:20.644553');
INSERT INTO `django_migrations` VALUES(13,'auth','0011_update_proxy_permissions','2024-10-04 10:36:20.660829');
INSERT INTO `django_migrations` VALUES(14,'auth','0012_alter_user_first_name_max_length','2024-10-04 10:36:20.674145');
INSERT INTO `django_migrations` VALUES(15,'sacco','0001_initial','2024-10-04 10:36:20.716595');
INSERT INTO `django_migrations` VALUES(16,'admin','0001_initial','2024-10-04 10:36:20.745782');
INSERT INTO `django_migrations` VALUES(17,'admin','0002_logentry_remove_auto_add','2024-10-04 10:36:20.765111');
INSERT INTO `django_migrations` VALUES(18,'admin','0003_logentry_add_action_flag_choices','2024-10-04 10:36:20.784019');
INSERT INTO `django_migrations` VALUES(19,'sacco','0002_alter_user_username','2024-10-04 10:36:20.804376');
INSERT INTO `django_migrations` VALUES(20,'sacco','0003_transaction_transaction_type_alter_balance_balance','2024-10-04 10:36:20.831947');
INSERT INTO `django_migrations` VALUES(21,'sacco','0004_remove_transaction_transaction_type_and_more','2024-10-04 10:36:20.856590');
INSERT INTO `django_migrations` VALUES(22,'sacco','0005_transaction_transaction_type_alter_balance_balance','2024-10-04 10:36:20.882961');
INSERT INTO `django_migrations` VALUES(23,'sessions','0001_initial','2024-10-04 10:36:20.904667');
INSERT INTO `django_migrations` VALUES(24,'sacco','0006_alter_user_id','2024-10-04 10:36:46.839072');
INSERT INTO `django_migrations` VALUES(25,'sacco','0007_alter_user_id','2024-10-04 10:38:05.698635');
INSERT INTO `django_migrations` VALUES(26,'sacco','0008_alter_balance_balance','2024-10-04 12:10:10.802937');
INSERT INTO `django_migrations` VALUES(27,'sacco','0009_transaction_balance_after_transaction_created_by_and_more','2025-05-23 23:24:18.190362');
INSERT INTO `django_migrations` VALUES(28,'sacco','0010_user_is_secretary_user_is_tresurer','2025-05-24 00:03:21.814003');
INSERT INTO `django_migrations` VALUES(29,'sacco','0011_alter_loanguarantor_loan_passwordresetotp','2025-06-20 12:45:15.640271');
INSERT INTO `django_migrations` VALUES(30,'sacco','0012_remove_emergencyfund_amount_and_more','2025-08-11 06:39:21.109628');
INSERT INTO `django_migrations` VALUES(31,'sacco','0013_transaction_source','2025-08-12 06:51:43.718754');
INSERT INTO `django_migrations` VALUES(32,'sacco','0014_remove_loanguarantor_loan_and_more','2025-08-13 07:40:45.597862');
INSERT INTO `django_migrations` VALUES(33,'sacco','0015_rename_requested_for_loanrequest_borrower','2025-08-13 09:24:17.904367');
INSERT INTO `django_migrations` VALUES(34,'sacco','0016_alter_loanguarantoraction_confirmed','2025-08-20 13:42:13.990684');
INSERT INTO `django_migrations` VALUES(35,'sacco','0017_alter_loanguarantoraction_confirmed','2025-08-20 13:54:08.952403');
INSERT INTO `django_migrations` VALUES(36,'sacco','0018_alter_loanrequest_guarantor1_confirmed_and_more','2025-08-21 17:04:44.357879');
INSERT INTO `django_migrations` VALUES(37,'sacco','0019_loanrequest_amountapproved_loanrequest_approved_at_and_more','2025-08-22 08:04:33.872392');
INSERT INTO `django_migrations` VALUES(38,'sacco','0020_loanrepayment_approved_at_loanrepayment_approved_by_and_more','2025-08-22 15:41:31.598474');
INSERT INTO `django_migrations` VALUES(39,'sacco','0021_alter_loanrequest_status','2025-08-23 06:04:34.969268');
CREATE TABLE `django_session` (`session_key` varchar(40) NOT NULL PRIMARY KEY, `session_data` text NOT NULL, `expire_date` datetime NOT NULL);
INSERT INTO `django_session` VALUES('w9n5tofzezawupfnd73fc9d659bkz3ov','.eJxVjLsKwkAQRf9la1nY10zWUmwFLa3C7OzExEcCeaAg_rtRUmh7zzn3qUqaxrqcBunLJqu1yv62Hff34-FBpFa_OBFfpP06Z2pPneauHfsm6Y-iFzroXZflulncv4OahnquvQsExKaINrC1AcEklArZOY-xEIvGZKi8OEoQcgZOUTAxIMR5ZvV6A65yO_Q:1swgCM:NCp7-Ck7Yx5SIbY6W5SiV-SWr9kdRjCjD1nNlUUhCxI','2024-10-18 11:10:14.010655');
INSERT INTO `django_session` VALUES('9wd82ngo8h6po1o4auqxcruh44t35szy','.eJxVjLsKwkAQRf9la1nY10zWUmwFLa3C7OzExEcCeaAg_rtRUmh7zzn3qUqaxrqcBunLJqu1yv62Hff34-FBpFa_OBFfpP06Z2pPneauHfsm6Y-iFzroXZflulncv4OahnquvQsExKaINrC1AcEklArZOY-xEIvGZKi8OEoQcgZOUTAxIMR5ZvV6A65yO_Q:1sx6DQ:h7ILQF9EpCfnjsC6ff9q4R6nOQVMDWhN8SvNqBRCFJ8','2024-10-19 14:57:04.422057');
INSERT INTO `django_session` VALUES('4k3jv4xvlecd5rambuqo2w5mzmcau6t1','.eJxVjLsKwkAQRf9la1nY10zWUmwFLa3C7OzExEcCeaAg_rtRUmh7zzn3qUqaxrqcBunLJqu1yv62Hff34-FBpFa_OBFfpP06Z2pPneauHfsm6Y-iFzroXZflulncv4OahnquvQsExKaINrC1AcEklArZOY-xEIvGZKi8OEoQcgZOUTAxIMR5ZvV6A65yO_Q:1t0jyh:YLpcSZ5_4KoQeX0-a768w0_3U-GxzS8c2BrVB4XNUlc','2024-10-29 16:00:55.212674');
INSERT INTO `django_session` VALUES('nucx46xpg6tp4pc11crlidrj764d7y8i','.eJxVjLsKwkAQRf9la1nY10zWUmwFLa3C7OzExEcCeaAg_rtRUmh7zzn3qUqaxrqcBunLJqu1yv62Hff34-FBpFa_OBFfpP06Z2pPneauHfsm6Y-iFzroXZflulncv4OahnquvQsExKaINrC1AcEklArZOY-xEIvGZKi8OEoQcgZOUTAxIMR5ZvV6A65yO_Q:1uIXWd:mfLuZrOQSqPLRpLGczofRQBFppaRYuqk2dr91Y5rF-k','2025-06-06 18:53:47.333435');
INSERT INTO `django_session` VALUES('27ue24g2muzu2pz30h6ipulmbw5wmj95','.eJxVjLsKwkAQRf9la1nY10zWUmwFLa3C7OzExEcCeaAg_rtRUmh7zzn3qUqaxrqcBunLJqu1yv62Hff34-FBpFa_OBFfpP06Z2pPneauHfsm6Y-iFzroXZflulncv4OahnquvQsExKaINrC1AcEklArZOY-xEIvGZKi8OEoQcgZOUTAxIMR5ZvV6A65yO_Q:1uJrPi:esFDSB7usyFgYl-JBZQGpw0GF_uNNqU5qUNaKCVXbd8','2025-06-10 10:20:06.955587');
INSERT INTO `django_session` VALUES('r5j9vtss7w67x8nfza105f153wqyri6c','.eJxVjLsKwkAQRf9la1nY10zWUmwFLa3C7OzExEcCeaAg_rtRUmh7zzn3qUqaxrqcBunLJqu1yv62Hff34-FBpFa_OBFfpP06Z2pPneauHfsm6Y-iFzroXZflulncv4OahnquvQsExKaINrC1AcEklArZOY-xEIvGZKi8OEoQcgZOUTAxIMR5ZvV6A65yO_Q:1uKa5X:962gtqqdwenSMe04bcUmko-Km091kiOJz-vxtC7PEP8','2025-06-12 10:02:15.801482');
INSERT INTO `django_session` VALUES('k9f9yzfqg8p6h5gc60wu7komih2abvl5','.eJxVjLsKwkAQRf9la1nY10zWUmwFLa3C7OzExEcCeaAg_rtRUmh7zzn3qUqaxrqcBunLJqu1yv62Hff34-FBpFa_OBFfpP06Z2pPneauHfsm6Y-iFzroXZflulncv4OahnquvQsExKaINrC1AcEklArZOY-xEIvGZKi8OEoQcgZOUTAxIMR5ZvV6A65yO_Q:1uNdF2:jElg4U60IVBCTw4MMmpLwiLBDuqn86WyHUkjGphP9rw','2025-06-20 20:00:40.423663');
INSERT INTO `django_session` VALUES('jotl4tbswzpoxt2fhl4exk937rebwxuf','.eJxVjLsKwkAQRf9la1nY10zWUmwFLa3C7OzExEcCeaAg_rtRUmh7zzn3qUqaxrqcBunLJqu1yv62Hff34-FBpFa_OBFfpP06Z2pPneauHfsm6Y-iFzroXZflulncv4OahnquvQsExKaINrC1AcEklArZOY-xEIvGZKi8OEoQcgZOUTAxIMR5ZvV6A65yO_Q:1ukjRn:CYu-vToNEfAbCYx_BSAAd_jFibAdjc4Ynai8sOKfMFk','2025-08-23 13:17:19.516478');
INSERT INTO `django_session` VALUES('7nq0k6vyah2jguq28zrzjruyep192wp5','.eJxVjLsKwkAQRf9la1nY10zWUmwFLa3C7OzExEcCeaAg_rtRUmh7zzn3qUqaxrqcBunLJqu1yv62Hff34-FBpFa_OBFfpP06Z2pPneauHfsm6Y-iFzroXZflulncv4OahnquvQsExKaINrC1AcEklArZOY-xEIvGZKi8OEoQcgZOUTAxIMR5ZvV6A65yO_Q:1upXAE:G0Z_3hGaOSgvPfm8oXyutjdbsB-8qX1HpXr_B_HZB0o','2025-09-05 19:11:02.551191');
CREATE TABLE `sacco_balance` (`id` integer NOT NULL PRIMARY KEY AUTO_INCREMENT, `balance` DECIMAL(10,2) NOT NULL, `lastEdited` datetime NOT NULL, `user_id` varchar(12) NOT NULL UNIQUE REFERENCES `sacco_user` (`id`) );
INSERT INTO `sacco_balance` VALUES(1,30320,'2025-08-24 07:49:57.042643','d4mDtPwYQxaa');
INSERT INTO `sacco_balance` VALUES(2,2770,'2025-08-24 07:49:58.138601','zfAJsaMASSye');
INSERT INTO `sacco_balance` VALUES(3,0,'2024-10-04 21:47:55.794000','zIWDdYMMTdOg');
INSERT INTO `sacco_balance` VALUES(6,300,'2025-06-02 16:07:26.450398','s_NbE25SSz-k');
INSERT INTO `sacco_balance` VALUES(8,200,'2025-05-29 10:08:03.429138','VI8x0OciRwyH');
INSERT INTO `sacco_balance` VALUES(9,1330,'2025-08-24 07:49:59.678934','SBNNV9dUSKKB');
INSERT INTO `sacco_balance` VALUES(10,5000,'2025-08-21 09:20:29.367260','_r8hTHseT_Cw');
CREATE TABLE `sacco_emergencyfund` (`id` integer NOT NULL PRIMARY KEY AUTO_INCREMENT, `balance` DECIMAL(10,2) NOT NULL);
INSERT INTO `sacco_emergencyfund` VALUES(1,800);
CREATE TABLE `sacco_loanguarantoraction` (`id` integer NOT NULL PRIMARY KEY AUTO_INCREMENT, `action_date` datetime NOT NULL, `guarantor_id` varchar(12) NOT NULL REFERENCES `sacco_user` (`id`) , `loan_id` bigint NOT NULL REFERENCES `sacco_loanrequest` (`id`) , `confirmed` TINYINT(1) NULL);
INSERT INTO `sacco_loanguarantoraction` VALUES(1,'2025-08-20 13:42:36.502928','_r8hTHseT_Cw',7,1);
INSERT INTO `sacco_loanguarantoraction` VALUES(3,'2025-08-21 17:26:04.850738','_r8hTHseT_Cw',6,1);
INSERT INTO `sacco_loanguarantoraction` VALUES(4,'2025-08-21 17:26:25.948640','_r8hTHseT_Cw',3,1);
INSERT INTO `sacco_loanguarantoraction` VALUES(8,'2025-08-22 13:51:35.657312','zfAJsaMASSye',10,1);
INSERT INTO `sacco_loanguarantoraction` VALUES(9,'2025-08-22 13:51:55.880474','d4mDtPwYQxaa',10,1);
INSERT INTO `sacco_loanguarantoraction` VALUES(10,'2025-08-24 05:13:44.324579','d4mDtPwYQxaa',11,1);
INSERT INTO `sacco_loanguarantoraction` VALUES(11,'2025-08-24 06:10:11.950383','d4mDtPwYQxaa',16,1);
INSERT INTO `sacco_loanguarantoraction` VALUES(12,'2025-08-24 06:20:56.042093','d4mDtPwYQxaa',15,1);
INSERT INTO `sacco_loanguarantoraction` VALUES(13,'2025-08-24 06:29:51.717163','d4mDtPwYQxaa',14,1);
INSERT INTO `sacco_loanguarantoraction` VALUES(14,'2025-08-24 06:35:58.303406','d4mDtPwYQxaa',13,1);
INSERT INTO `sacco_loanguarantoraction` VALUES(15,'2025-08-24 06:36:18.513718','d4mDtPwYQxaa',12,1);
INSERT INTO `sacco_loanguarantoraction` VALUES(16,'2025-08-24 06:37:51.858108','zfAJsaMASSye',16,1);
CREATE TABLE `sacco_loanrepayment` (`id` integer NOT NULL PRIMARY KEY AUTO_INCREMENT, `amount_paid` DECIMAL(10,2) NOT NULL, `loan_id` bigint NOT NULL REFERENCES `sacco_loanrequest` (`id`) , `approved_at` datetime NULL, `approved_by_id` varchar(12) NULL REFERENCES `sacco_user` (`id`) , `balance_after_payment` DECIMAL(10,2) NOT NULL, `created_by_id` varchar(12) NULL REFERENCES `sacco_user` (`id`) , `installment_number` integer unsigned NULL , `method` varchar(30) NOT NULL, `notes` TEXT, `penalty` DECIMAL(10,2) NOT NULL, `status` varchar(10) NOT NULL, `payment_date` datetime NOT NULL);
INSERT INTO `sacco_loanrepayment` VALUES(1,2500,10,NULL,'d4mDtPwYQxaa',8000,'d4mDtPwYQxaa',NULL,'cash',NULL,0,'approved','2025-08-22 17:18:05.338402');
INSERT INTO `sacco_loanrepayment` VALUES(2,8000,10,NULL,'d4mDtPwYQxaa',0,'d4mDtPwYQxaa',NULL,'cash',NULL,0,'approved','2025-08-22 19:27:37.199819');
CREATE TABLE `sacco_loanrequest` (`id` integer NOT NULL PRIMARY KEY AUTO_INCREMENT, `amount` DECIMAL(10,2) NOT NULL, `purpose` TEXT, `guarantor1_confirmed` TINYINT(1) NULL, `guarantor2_confirmed` TINYINT(1) NULL, `treasurer_approved` TINYINT(1) NULL, `treasurer_rejected` TINYINT(1) NULL, `status` varchar(30) NOT NULL, `created_at` datetime NOT NULL, `guarantor1_id` varchar(12) NOT NULL REFERENCES `sacco_user` (`id`) , `guarantor2_id` varchar(12) NOT NULL REFERENCES `sacco_user` (`id`) , `requested_by_id` varchar(12) NOT NULL REFERENCES `sacco_user` (`id`) , `borrower_id` varchar(12) NOT NULL REFERENCES `sacco_user` (`id`) , `amountApproved` DECIMAL(10,2) NOT NULL, `approved_at` datetime NULL, `due_date` date NULL, `total_due` DECIMAL(10,2) NOT NULL, `amount_repaid` DECIMAL(10,2) NOT NULL);
INSERT INTO `sacco_loanrequest` VALUES(1,1,'',0,0,0,0,'pending_guarantors','2025-08-13 10:39:05.745090','zIWDdYMMTdOg','VI8x0OciRwyH','d4mDtPwYQxaa','d4mDtPwYQxaa',0,NULL,NULL,0,0);
INSERT INTO `sacco_loanrequest` VALUES(2,1,'',0,0,0,0,'pending_guarantors','2025-08-13 11:16:25.107099','VI8x0OciRwyH','SBNNV9dUSKKB','d4mDtPwYQxaa','d4mDtPwYQxaa',0,NULL,NULL,0,0);
INSERT INTO `sacco_loanrequest` VALUES(3,1200,'',0,1,0,0,'pending_guarantors','2025-08-13 11:52:01.319333','zIWDdYMMTdOg','_r8hTHseT_Cw','d4mDtPwYQxaa','d4mDtPwYQxaa',0,NULL,NULL,0,0);
INSERT INTO `sacco_loanrequest` VALUES(4,1250,'',0,0,0,0,'pending_guarantors','2025-08-13 12:03:32.301431','zIWDdYMMTdOg','SBNNV9dUSKKB','d4mDtPwYQxaa','d4mDtPwYQxaa',0,NULL,NULL,0,0);
INSERT INTO `sacco_loanrequest` VALUES(5,200,'',0,0,0,0,'pending_guarantors','2025-08-13 12:08:57.062641','zIWDdYMMTdOg','VI8x0OciRwyH','d4mDtPwYQxaa','d4mDtPwYQxaa',0,NULL,NULL,0,0);
INSERT INTO `sacco_loanrequest` VALUES(6,1,'',0,1,0,0,'pending_guarantors','2025-08-13 12:11:40.678954','SBNNV9dUSKKB','_r8hTHseT_Cw','d4mDtPwYQxaa','d4mDtPwYQxaa',0,NULL,NULL,0,0);
INSERT INTO `sacco_loanrequest` VALUES(7,200,'',1,0,0,0,'pending_guarantors','2025-08-20 12:36:24.274647','_r8hTHseT_Cw','SBNNV9dUSKKB','d4mDtPwYQxaa','d4mDtPwYQxaa',0,NULL,NULL,0,0);
INSERT INTO `sacco_loanrequest` VALUES(10,10000,NULL,1,1,1,NULL,'repaid','2025-08-22 13:50:19.963711','zfAJsaMASSye','d4mDtPwYQxaa','_r8hTHseT_Cw','_r8hTHseT_Cw',10000,'2025-08-22 13:53:25.981141','2026-08-22',10500,10500);
INSERT INTO `sacco_loanrequest` VALUES(11,1,NULL,1,NULL,NULL,NULL,'pending_guarantors','2025-08-23 14:26:25.060522','d4mDtPwYQxaa','zfAJsaMASSye','d4mDtPwYQxaa','d4mDtPwYQxaa',0,NULL,NULL,0,0);
INSERT INTO `sacco_loanrequest` VALUES(12,4000,NULL,1,NULL,NULL,NULL,'pending_guarantors','2025-08-24 05:15:34.511252','d4mDtPwYQxaa','zfAJsaMASSye','d4mDtPwYQxaa','d4mDtPwYQxaa',0,NULL,NULL,0,0);
INSERT INTO `sacco_loanrequest` VALUES(13,4000,NULL,1,NULL,NULL,NULL,'pending_guarantors','2025-08-24 05:18:42.027112','d4mDtPwYQxaa','zfAJsaMASSye','d4mDtPwYQxaa','d4mDtPwYQxaa',0,NULL,NULL,0,0);
INSERT INTO `sacco_loanrequest` VALUES(14,400,NULL,1,NULL,NULL,NULL,'pending_guarantors','2025-08-24 05:21:17.880652','d4mDtPwYQxaa','zfAJsaMASSye','d4mDtPwYQxaa','d4mDtPwYQxaa',0,NULL,NULL,0,0);
INSERT INTO `sacco_loanrequest` VALUES(15,1000,NULL,1,NULL,NULL,NULL,'pending_guarantors','2025-08-24 05:29:25.089610','d4mDtPwYQxaa','zfAJsaMASSye','d4mDtPwYQxaa','d4mDtPwYQxaa',0,NULL,NULL,0,0);
INSERT INTO `sacco_loanrequest` VALUES(16,5000,NULL,1,1,1,NULL,'approved','2025-08-24 05:55:34.947861','d4mDtPwYQxaa','zfAJsaMASSye','d4mDtPwYQxaa','_r8hTHseT_Cw',5000,'2025-08-24 07:29:52.373307','2026-08-24',5250,0);
CREATE TABLE `sacco_passwordresetotp` (`id` integer NOT NULL PRIMARY KEY AUTO_INCREMENT, `otp_code` varchar(6) NOT NULL, `created_at` datetime NOT NULL, `user_id` varchar(12) NOT NULL UNIQUE REFERENCES `sacco_user` (`id`) );
CREATE TABLE `sacco_transaction` (`id` char(32) NOT NULL PRIMARY KEY, `date` datetime NOT NULL, `amount` DECIMAL(10,2) NOT NULL, `user_id` varchar(12) NOT NULL REFERENCES `sacco_user` (`id`) , `transaction_type` varchar(12) NOT NULL, `balance_after` DECIMAL(10,2) NOT NULL, `created_by_id` varchar(12) NULL REFERENCES `sacco_user` (`id`) , `status` varchar(10) NOT NULL, `source` varchar(20) NOT NULL);
INSERT INTO `sacco_transaction` VALUES('0ae9f7f84467492c99c73beb2cb04eab','2024-10-04 12:13:29',10,'d4mDtPwYQxaa','deposit',0,'d4mDtPwYQxaa','approved','M-pesa');
INSERT INTO `sacco_transaction` VALUES('4e4c047fcb514a0ea896e9769f7371eb','2024-10-15 16:15:26',200,'zfAJsaMASSye','deposit',2770,NULL,'approved','M-pesa');
INSERT INTO `sacco_transaction` VALUES('66fe1a0e4fa240f783c215accbc47f8b','2024-10-15 16:22:12',200,'zfAJsaMASSye','deposit',2570,NULL,'approved','M-pesa');
INSERT INTO `sacco_transaction` VALUES('fff393a533cb466a98af0c46ab8f267a','2025-05-23 19:38:20',50,'zfAJsaMASSye','withdrawal',2170,NULL,'approved','M-pesa');
INSERT INTO `sacco_transaction` VALUES('28cefee8281440aabe293d4bf581afbf','2025-05-23 23:42:47',100,'d4mDtPwYQxaa','emergency',0,'d4mDtPwYQxaa','approved','M-pesa');
INSERT INTO `sacco_transaction` VALUES('dead0dfeaa8948c99a71de18cb801b42','2025-05-23 23:50:21',100,'d4mDtPwYQxaa','emergency',20380,'d4mDtPwYQxaa','approved','M-pesa');
INSERT INTO `sacco_transaction` VALUES('de45708cfdd840dd958bd31a534dc788','2025-05-29 10:07:01',200,'VI8x0OciRwyH','deposit',0,'d4mDtPwYQxaa','approved','M-pesa');
INSERT INTO `sacco_transaction` VALUES('e4c899a438614e438990b1cae3fedd4d','2025-05-22 21:00:00',5000,'d4mDtPwYQxaa','deposit',20380,'d4mDtPwYQxaa','approved','M-pesa');
INSERT INTO `sacco_transaction` VALUES('1d364b08894740e086515b3c8748c315','2025-06-02 16:05:41',300,'s_NbE25SSz-k','deposit',300,'d4mDtPwYQxaa','approved','M-pesa');
INSERT INTO `sacco_transaction` VALUES('0d23b73c6be1469886936605ce08dd08','2025-06-06 12:51:23.629553',200,'zfAJsaMASSye','deposit',2370,'zfAJsaMASSye','approved','M-pesa');
INSERT INTO `sacco_transaction` VALUES('67a4f4ebe439478fa8c615b377424cd5','2025-06-06 13:13:26.470472',200,'d4mDtPwYQxaa','deposit',20580,'d4mDtPwYQxaa','approved','M-pesa');
INSERT INTO `sacco_transaction` VALUES('f2cf2c0300424dd0b4c49397f3c111b7','2025-06-06 14:44:56.679685',500,'d4mDtPwYQxaa','deposit',21080,'d4mDtPwYQxaa','approved','M-pesa');
INSERT INTO `sacco_transaction` VALUES('3fad0610dbb340ebacfed956c99763ec','2025-06-06 15:07:25.220631',500,'d4mDtPwYQxaa','deposit',21580,'d4mDtPwYQxaa','approved','M-pesa');
INSERT INTO `sacco_transaction` VALUES('5b05b099f7d44007a78405b7e4a28c3a','2025-06-06 15:08:23.579633',500,'d4mDtPwYQxaa','deposit',22080,'d4mDtPwYQxaa','approved','M-pesa');
INSERT INTO `sacco_transaction` VALUES('b940ff91155f4b83a5fe45d078664420','2025-06-06 15:11:49.259942',500,'d4mDtPwYQxaa','deposit',22580,'d4mDtPwYQxaa','approved','M-pesa');
INSERT INTO `sacco_transaction` VALUES('bdd592c6a9634b64992ed2e2e844f0b3','2025-06-06 15:14:29.774104',500,'d4mDtPwYQxaa','deposit',23080,'d4mDtPwYQxaa','approved','M-pesa');
INSERT INTO `sacco_transaction` VALUES('bf93ad8599d84e8abae9700db0ed24a0','2025-06-06 15:37:39.224190',500,'SBNNV9dUSKKB','deposit',570,'d4mDtPwYQxaa','approved','M-pesa');
INSERT INTO `sacco_transaction` VALUES('a7d84fb5f3fb4b628a53c51ebc97f3cf','2025-06-06 15:42:15.550966',500,'SBNNV9dUSKKB','deposit',1070,'d4mDtPwYQxaa','approved','M-pesa');
INSERT INTO `sacco_transaction` VALUES('b31c50839ead4bbaa8e28e3d4d418bef','2025-06-06 15:42:57.240090',740,'SBNNV9dUSKKB','deposit',1810,'d4mDtPwYQxaa','approved','M-pesa');
INSERT INTO `sacco_transaction` VALUES('329d900337f245f3ba522ee9433ca7aa','2025-06-06 19:13:06.203903',1000,'SBNNV9dUSKKB','withdrawal',810,'d4mDtPwYQxaa','approved','M-pesa');
INSERT INTO `sacco_transaction` VALUES('71d63821397442aea96d56148469e156','2025-06-06 20:02:49.031756',2560,'d4mDtPwYQxaa','deposit',25640,'d4mDtPwYQxaa','approved','M-pesa');
INSERT INTO `sacco_transaction` VALUES('76ea4ea4904344998e20db9246c95772','2025-06-06 20:26:01.762643',2560,'d4mDtPwYQxaa','deposit',28200,'d4mDtPwYQxaa','approved','M-pesa');
INSERT INTO `sacco_transaction` VALUES('16cb0ef6cb5a4eb491f296fc9b70a132','2025-06-06 20:28:52.596311',2560,'d4mDtPwYQxaa','deposit',30760,'d4mDtPwYQxaa','approved','M-pesa');
INSERT INTO `sacco_transaction` VALUES('3303afe3de4e4034b4995a62b09f3662','2025-06-06 20:38:37.374631',2560,'d4mDtPwYQxaa','deposit',33320,'d4mDtPwYQxaa','approved','M-pesa');
INSERT INTO `sacco_transaction` VALUES('05b480311d5e49d7ad0236444c09a43a','2025-06-06 20:53:26.390055',1000,'d4mDtPwYQxaa','withdrawal',32320,'d4mDtPwYQxaa','approved','M-pesa');
INSERT INTO `sacco_transaction` VALUES('7957d1a3727745fabf94a5001ca0362c','2025-06-06 21:02:43.104667',1000,'d4mDtPwYQxaa','withdrawal',15380,'d4mDtPwYQxaa','approved','M-pesa');
INSERT INTO `sacco_transaction` VALUES('079e741de95a40a8b85535e4452f72da','2025-06-06 21:09:34.651915',1000,'d4mDtPwYQxaa','withdrawal',31320,'d4mDtPwYQxaa','approved','M-pesa');
INSERT INTO `sacco_transaction` VALUES('33968dff9788458787f6961a0ee2b2a2','2025-06-06 21:10:50.827649',1000,'d4mDtPwYQxaa','withdrawal',30320,'d4mDtPwYQxaa','approved','M-pesa');
INSERT INTO `sacco_transaction` VALUES('e1c74a81480c47aa9e4da7e4ab07af5a','2025-06-06 21:10:50.875895',1000,'d4mDtPwYQxaa','withdrawal',16380,'d4mDtPwYQxaa','approved','M-pesa');
INSERT INTO `sacco_transaction` VALUES('227df7ab8f5549bab16ae664db947476','2025-06-06 21:15:38.451647',810,'d4mDtPwYQxaa','withdrawal',17380,'d4mDtPwYQxaa','approved','M-pesa');
INSERT INTO `sacco_transaction` VALUES('33cb17ca3d954684bb0927c584cb1625','2025-06-06 22:02:11.592194',520,'SBNNV9dUSKKB','deposit',1330,'d4mDtPwYQxaa','approved','M-pesa');
INSERT INTO `sacco_transaction` VALUES('ef5b652498bb4085929b3d218a967c85','2025-06-06 22:03:19.388350',520,'SBNNV9dUSKKB','deposit',2870,'d4mDtPwYQxaa','approved','M-pesa');
INSERT INTO `sacco_transaction` VALUES('5b7201f2383e41e1a0217f67394f3dee','2025-06-07 06:01:57.067929',120,'SBNNV9dUSKKB','withdrawal',2350,'d4mDtPwYQxaa','approved','M-pesa');
INSERT INTO `sacco_transaction` VALUES('20082e32ce04467aa6f8eafec30ddb4c','2025-06-07 06:02:42.484203',120,'SBNNV9dUSKKB','withdrawal',2470,'d4mDtPwYQxaa','approved','M-pesa');
INSERT INTO `sacco_transaction` VALUES('3db075c63bc94fad9cbec23db2ec92c9','2025-06-07 10:46:03.584054',2870,'SBNNV9dUSKKB','withdrawal',0,'d4mDtPwYQxaa','rejected','M-pesa');
INSERT INTO `sacco_transaction` VALUES('602aab4fbfbe4619ae31ae446b00ea50','2025-06-07 10:46:16.089084',2870,'SBNNV9dUSKKB','withdrawal',0,'d4mDtPwYQxaa','rejected','M-pesa');
INSERT INTO `sacco_transaction` VALUES('b84efa6285fa44bdb1af733c8423ace3','2025-06-07 10:48:55.905166',2870,'SBNNV9dUSKKB','withdrawal',0,'d4mDtPwYQxaa','rejected','M-pesa');
INSERT INTO `sacco_transaction` VALUES('2fa6de696c264d1db1c1b776eb3192a5','2025-06-07 11:15:49.378591',2800,'SBNNV9dUSKKB','withdrawal',70,'d4mDtPwYQxaa','approved','M-pesa');
INSERT INTO `sacco_transaction` VALUES('b3b5cffc9b284de3ba2e75dd9d219c49','2025-08-09 13:48:37.881773',800,'zfAJsaMASSye','deposit',1350,'zfAJsaMASSye','approved','M-pesa');
INSERT INTO `sacco_transaction` VALUES('2b1bab44ec09416a89e82148ff38ad9f','2025-08-11 05:54:36.586756',100,'zfAJsaMASSye','emergency',1250,'zfAJsaMASSye','approved','M-pesa');
INSERT INTO `sacco_transaction` VALUES('a0521e508c604527a053221966077258','2025-08-11 06:10:01.509525',100,'zfAJsaMASSye','emergency',1250,'zfAJsaMASSye','approved','M-pesa');
INSERT INTO `sacco_transaction` VALUES('810aef95609e4cfbb7a7649a8ffa7806','2025-08-11 06:46:05.342887',200,'zfAJsaMASSye','emergency',1250,'zfAJsaMASSye','approved','M-pesa');
INSERT INTO `sacco_transaction` VALUES('56361a83761c44eba954a0915c2195ef','2025-08-11 06:49:19.162385',500,'d4mDtPwYQxaa','emergency',9530,'zfAJsaMASSye','approved','M-pesa');
INSERT INTO `sacco_transaction` VALUES('1ef3761669b24f8ab4af8789f67edf04','2025-08-12 11:23:42.174547',8000,'d4mDtPwYQxaa','deposit',17530,'d4mDtPwYQxaa','approved','Cash');
INSERT INTO `sacco_transaction` VALUES('624f917d9ee04399aa5da9c3e4b1b4bb','2025-08-12 11:26:53.951484',100,'d4mDtPwYQxaa','deposit',17630,'d4mDtPwYQxaa','approved','Cash');
INSERT INTO `sacco_transaction` VALUES('be0eb1f9d7e64f7f8fe29a56e3395e07','2025-08-12 11:31:07.358105',560,'d4mDtPwYQxaa','deposit',18190,'d4mDtPwYQxaa','approved','Cash');
INSERT INTO `sacco_transaction` VALUES('1622ca07d7634a0eb3a5f014ab297a0c','2025-08-12 11:34:03.567924',970,'zfAJsaMASSye','deposit',2220,'d4mDtPwYQxaa','approved','Cash');
INSERT INTO `sacco_transaction` VALUES('cef341b5095844ba8432a8ae9a1ca897','2025-08-21 09:19:29',5000,'_r8hTHseT_Cw','deposit',5000,'d4mDtPwYQxaa','approved','M-pesa');
CREATE TABLE `sacco_user` (`password` varchar(128) NOT NULL, `last_login` datetime NULL, `is_superuser` TINYINT(1) NOT NULL, `is_staff` TINYINT(1) NOT NULL, `date_joined` datetime NOT NULL, `id` varchar(12) NOT NULL PRIMARY KEY, `dob` date NULL, `first_name` varchar(30) NOT NULL, `last_name` varchar(30) NOT NULL, `phoneNumber` varchar(10) NOT NULL UNIQUE, `email` varchar(254) NULL, `is_active` TINYINT(1) NOT NULL, `is_admin` TINYINT(1) NOT NULL, `username` varchar(150) NOT NULL UNIQUE, `is_approved` TINYINT(1) NOT NULL, `is_secretary` TINYINT(1) NOT NULL, `is_tresurer` TINYINT(1) NOT NULL, `date_Approved` datetime NULL);
INSERT INTO `sacco_user` VALUES('pbkdf2_sha256$870000$VpIcKaBFF84CLwDJjWmAQY$Xxi6Dqt31tb/ZA/SZ56fwe4tgULEBjjDLuDInxb41H0=','2025-08-22 19:11:02.526983',1,1,'2024-10-04 10:38:28','d4mDtPwYQxaa',NULL,'MAXWEL','OKINYO','0746950699','admin@gmail.com',1,1,'admin',1,1,1,NULL);
INSERT INTO `sacco_user` VALUES('pbkdf2_sha256$870000$t6kQjgO15uRDbPSuH8xmdS$bIIhTIB8Op5TfNRSDGEPMFlx4/Fzcay8r0GSRI/gEsw=',NULL,0,1,'2024-10-04 21:40:53','zfAJsaMASSye','1998-07-10','Maxwel','omondi','0703536959','',1,1,'0703536959',1,1,1,NULL);
INSERT INTO `sacco_user` VALUES('pbkdf2_sha256$870000$wdFGaI8juu6nyyk6C2BTmX$FUlkMmG8WxoCCJXCgKBAB7NSsduxxt1vZ4IeZz5gaQs=',NULL,0,0,'2024-10-04 21:47:55.303671','zIWDdYMMTdOg','1999-11-10','Rachael','Mwangi','0757240481',NULL,1,0,'0757240481',0,0,0,NULL);
INSERT INTO `sacco_user` VALUES('pbkdf2_sha256$870000$GnUWnad5Anv7vvWtWMLbtc$EcF7ao1XIDe2hy12K2R3QuWfd8TcLv2wbKDUM0Odhso=',NULL,0,0,'2025-05-23 23:37:19','s_NbE25SSz-k','2006-02-02','Gordon','Random','0000000000','',1,0,'0000000000',1,0,1,NULL);
INSERT INTO `sacco_user` VALUES('pbkdf2_sha256$870000$JdbLRXeOfqLwUBoMeqhVjm$89HU1O13p5EChou/Rf97nb7tWZeXqlD9nWrgOKLRIus=',NULL,0,0,'2025-05-29 10:04:44','VI8x0OciRwyH','1993-04-07','Stephen','Wankara','0721507065','',1,0,'0721507065',1,0,0,NULL);
INSERT INTO `sacco_user` VALUES('pbkdf2_sha256$870000$tSdQAEIkcyib1ovJrmEzHZ$KP1UcClEikCAjdeklCmlerZBuqLb8PWJM8vAwbEVwoU=',NULL,0,0,'2025-06-06 13:01:46','SBNNV9dUSKKB','2003-06-27','Alvin','Okal','0792927652','',1,0,'0792927652',1,0,0,NULL);
INSERT INTO `sacco_user` VALUES('pbkdf2_sha256$870000$eIsqpy3UCdVcuGorz2M3Nj$dsSNgRjlomOcnoA/dH+f6FU+z6OVJgLUUAXbV47skR8=',NULL,0,0,'2025-08-11 12:14:35.094449','_r8hTHseT_Cw','1981-07-15','Roseline','Okinyo','0731090360',NULL,1,0,'0731090360',1,0,0,NULL);
CREATE TABLE `sacco_user_groups` (`id` integer NOT NULL PRIMARY KEY AUTO_INCREMENT, `user_id` varchar(12) NOT NULL REFERENCES `sacco_user` (`id`) , `group_id` integer NOT NULL REFERENCES `auth_group` (`id`) );
CREATE TABLE `sacco_user_user_permissions` (`id` integer NOT NULL PRIMARY KEY AUTO_INCREMENT, `user_id` varchar(12) NOT NULL REFERENCES `sacco_user` (`id`) , `permission_id` integer NOT NULL REFERENCES `auth_permission` (`id`) );
CREATE UNIQUE INDEX `django_content_type_app_label_model_76bd3d3b_uniq` ON `django_content_type` (`app_label`, `model`);
CREATE UNIQUE INDEX `auth_group_permissions_group_id_permission_id_0cd325b0_uniq` ON `auth_group_permissions` (`group_id`, `permission_id`);
CREATE INDEX `auth_group_permissions_group_id_b120cbf9` ON `auth_group_permissions` (`group_id`);
CREATE INDEX `auth_group_permissions_permission_id_84c5c92e` ON `auth_group_permissions` (`permission_id`);
CREATE UNIQUE INDEX `auth_permission_content_type_id_codename_01ab375a_uniq` ON `auth_permission` (`content_type_id`, `codename`);
CREATE INDEX `auth_permission_content_type_id_2f476e4b` ON `auth_permission` (`content_type_id`);
CREATE INDEX `django_session_expire_date_a5c62663` ON `django_session` (`expire_date`);
CREATE UNIQUE INDEX `sacco_user_user_permissions_user_id_permission_id_d7914750_uniq` ON `sacco_user_user_permissions` (`user_id`, `permission_id`);
CREATE INDEX `sacco_user_user_permissions_user_id_27aab724` ON `sacco_user_user_permissions` (`user_id`);
CREATE INDEX `sacco_user_user_permissions_permission_id_b1457388` ON `sacco_user_user_permissions` (`permission_id`);
CREATE INDEX `django_admin_log_content_type_id_c4bce8eb` ON `django_admin_log` (`content_type_id`);
CREATE INDEX `django_admin_log_user_id_c564eba6` ON `django_admin_log` (`user_id`);
CREATE UNIQUE INDEX `sacco_user_groups_user_id_group_id_cb9fc378_uniq` ON `sacco_user_groups` (`user_id`, `group_id`);
CREATE INDEX `sacco_user_groups_user_id_97e650d7` ON `sacco_user_groups` (`user_id`);
CREATE INDEX `sacco_user_groups_group_id_e2b76185` ON `sacco_user_groups` (`group_id`);
CREATE INDEX `sacco_transaction_user_id_c248ec43` ON `sacco_transaction` (`user_id`);
CREATE INDEX `sacco_transaction_created_by_id_a91b43c7` ON `sacco_transaction` (`created_by_id`);
CREATE INDEX `sacco_loanguarantoraction_guarantor_id_11985e19` ON `sacco_loanguarantoraction` (`guarantor_id`);
CREATE INDEX `sacco_loanguarantoraction_loan_id_852fadd9` ON `sacco_loanguarantoraction` (`loan_id`);
CREATE INDEX `sacco_loanrequest_guarantor1_id_57a22b4f` ON `sacco_loanrequest` (`guarantor1_id`);
CREATE INDEX `sacco_loanrequest_guarantor2_id_7b56d2c7` ON `sacco_loanrequest` (`guarantor2_id`);
CREATE INDEX `sacco_loanrequest_requested_by_id_aa0abccf` ON `sacco_loanrequest` (`requested_by_id`);
CREATE INDEX `sacco_loanrequest_borrower_id_8894d581` ON `sacco_loanrequest` (`borrower_id`);
CREATE INDEX `sacco_loanrepayment_loan_id_61d498d9` ON `sacco_loanrepayment` (`loan_id`);
CREATE INDEX `sacco_loanrepayment_approved_by_id_2c9cda61` ON `sacco_loanrepayment` (`approved_by_id`);
CREATE INDEX `sacco_loanrepayment_created_by_id_6206a63d` ON `sacco_loanrepayment` (`created_by_id`);

